epoch,train_loss,valid_loss,bleu,lr,time_sec
1,1403.519775390625,683.553581237793,0.0,1.3835700020312789e-05,27.10286235809326
2,704.3862915039062,167.25802421569824,0.0027583655926418085,2.7671400040625578e-05,23.031357526779175
3,204.4746856689453,63.921142578125,0.0,4.150710006093837e-05,17.468791961669922
4,102.08855438232422,41.262309551239014,0.003252125239920488,5.5342800081251156e-05,22.952027559280396
5,72.51766967773438,31.41070556640625,0.003252125239920488,6.917850010156395e-05,23.4019513130188
6,56.53501892089844,24.70312237739563,0.003252125239920488,8.301420012187674e-05,23.15234613418579
7,44.79310989379883,19.192630529403687,0.003252125239920488,9.684990014218953e-05,23.399420499801636
8,35.21788024902344,14.719287157058716,0.04097756532512091,0.00011068560016250231,23.207303762435913
9,28.16808319091797,11.613080978393555,0.016961843934130732,0.00012452130018281512,23.082650184631348
10,23.41190528869629,9.58225965499878,0.04454022579184765,0.0001383570002031279,17.49362874031067
11,20.589725494384766,8.449449479579926,0.12158354369262314,0.0001521927002234407,17.90797472000122
12,19.00609588623047,7.844790697097778,0.025354833804588226,0.00016602840024375348,23.149173974990845
13,18.123985290527344,7.5348705649375916,0.024088057580318453,0.00017986410026406627,23.04807472229004
14,17.596723556518555,7.365448296070099,0.05789035060421877,0.00019369980028437905,22.919546127319336
15,17.267547607421875,7.305709719657898,0.06970523021510533,0.00020753550030469184,23.053904056549072
16,17.04436683654785,7.243916690349579,0.029694503399684286,0.00022137120032500462,23.00601816177368
17,16.86981964111328,7.201417505741119,0.03317585814137527,0.00023520690034531744,22.967949151992798
18,16.708101272583008,7.168925583362579,0.05279969485611707,0.00024904260036563025,23.380792379379272
19,16.56810760498047,7.174058794975281,0.029896684078634474,0.00026287830038594303,23.227684020996094
20,16.438539505004883,7.283726334571838,0.061281615787371894,0.0002767140004062558,23.19225001335144
21,16.32236671447754,7.16737562417984,0.0273069392901649,0.0002905497004265686,23.320502996444702
22,16.19661521911621,7.154254496097565,0.034098334404783104,0.0003043854004468814,23.33244299888611
23,16.138782501220703,7.1644333600997925,0.04263163904440258,0.0003182211004671942,23.123165130615234
24,15.995485305786133,7.101728081703186,0.06844881305737176,0.00033205680048750696,20.997857570648193
25,15.891752243041992,7.1649545431137085,0.06895259876747699,0.00034589250050781975,23.21837830543518
26,15.729843139648438,7.046069800853729,0.06295311661703511,0.00035972820052813253,23.114609956741333
27,15.612088203430176,7.132372617721558,0.051971857271229306,0.0003735639005484453,23.202390909194946
28,15.425390243530273,6.98841518163681,0.09412117979189948,0.0003873996005687581,23.018752574920654
29,15.251215934753418,7.112828195095062,0.126326560096091,0.0004012353005890709,23.18419575691223
30,15.087095260620117,7.066652417182922,0.05345012495258505,0.0004150710006093837,23.467978477478027
31,14.85563850402832,7.0324254631996155,0.07652945382811915,0.00042890670062969646,23.208555459976196
32,14.583637237548828,6.988755464553833,0.050873114351815865,0.00044274240065000925,23.1675705909729
33,14.311407089233398,6.922228097915649,0.07040870241667292,0.0004565781006703221,23.112048149108887
34,14.03895378112793,6.850156307220459,0.09017279656363136,0.00047041380069063487,23.145531177520752
35,13.822662353515625,6.904784262180328,0.09185445976798151,0.00048424950071094766,23.128053426742554
36,15.043954849243164,9.383878827095032,0.04262989303941885,0.0004980852007312605,19.052799224853516
37,16.748775482177734,7.184881687164307,0.019398696351290445,0.0005119209007515733,23.046921253204346
38,14.19786262512207,6.972264885902405,0.08112104413904815,0.0005257566007718861,22.878803730010986
39,13.626960754394531,6.851155042648315,0.04926416179860765,0.0005395923007921989,23.117249727249146
40,13.256059646606445,6.779928386211395,0.02413507361862576,0.0005534280008125116,23.087482929229736
41,14.611299514770508,7.5865126848220825,0.08859096537315693,0.0005672637008328244,22.442613124847412
42,15.135580062866211,7.067386031150818,0.039534939691001345,0.0005653389105513095,23.08655071258545
43,13.330044746398926,6.780743598937988,0.10723877717851989,0.0005587265320788383,23.090094804763794
44,12.820484161376953,6.74368691444397,0.03654792807727176,0.0005523408762814603,23.08488631248474
45,12.642960548400879,6.708180546760559,0.0809970182651193,0.0005461692761386212,23.0685396194458
46,12.51712703704834,6.620993971824646,0.056560529282066875,0.0005402000337817775,23.08138084411621
47,12.384581565856934,6.588756620883942,0.060478359148572615,0.0005344223271967501,22.927805423736572
48,12.285646438598633,6.542358338832855,0.07465168017389849,0.0005288261276737598,23.24502730369568
49,12.173033714294434,6.526012420654297,0.06669936424837002,0.0005234021265719188,23.206452131271362
50,12.074403762817383,6.462591588497162,0.10105076062748237,0.0005181416701810489,22.953882217407227
51,11.978994369506836,6.438237011432648,0.11473730425573091,0.0005130367016435959,23.246880292892456
52,11.881278038024902,6.3991782665252686,0.12553331287901334,0.0005080797090497548,23.063551902770996
53,11.778935432434082,6.368486106395721,0.08222855372801087,0.0005032636789450332,23.266172409057617
54,11.681903839111328,6.320512652397156,0.11171471888190114,0.0004985820545956514,23.174564123153687
55,11.580235481262207,6.289085924625397,0.12118925082392841,0.0004940286984468586,23.03701663017273
56,11.486417770385742,6.249667644500732,0.15980347863905103,0.0004895978582852524,23.04305124282837
57,11.394309043884277,6.213479697704315,0.19332280102563212,0.00048528413668081207,23.03284001350403
58,11.2990140914917,6.178593814373016,0.19933249423421806,0.0004810824633394617,22.947139739990234
59,11.204440116882324,6.147625386714935,0.2675510047112488,0.00047698807004411815,22.86783719062805
60,11.111343383789062,6.126310110092163,0.18798753497807216,0.0004729964679026039,23.19008731842041
61,11.02078914642334,6.099414885044098,0.3800640283062586,0.0004691034266555784,23.12808346748352
62,10.936092376708984,6.053035318851471,0.3857254792225628,0.00046530495582762434,23.0515718460083
63,10.841323852539062,6.042045414447784,0.4365973172680307,0.0004615972875305497,23.059439659118652
64,10.752382278442383,6.002848148345947,0.4766767333600378,0.000457976860750429,23.41811490058899
65,10.665884971618652,5.999391436576843,0.5342738190309506,0.00045444030696942673,23.073238849639893
66,10.578651428222656,5.982496857643127,0.6086657872273604,0.00045098443699043643,23.048425674438477
67,10.491177558898926,5.935253322124481,0.6936869427335888,0.00044760622884739906,23.206609964370728
68,10.406368255615234,5.930762529373169,0.6383346242489796,0.00044430281669713173,23.34243083000183
69,10.320137023925781,5.91193813085556,0.5942868735520763,0.0004410714805998634,23.03025507926941
70,10.235897064208984,5.888985276222229,0.666039585265007,0.0004379096371056532,23.103891372680664
71,10.152410507202148,5.892208456993103,0.8258260341108247,0.00043481483057264766,23.1885027885437
72,10.068360328674316,5.846262097358704,0.9794383387153615,0.000431784725150874,23.221441984176636
73,9.98574447631836,5.832704722881317,0.8993060869540214,0.00042881709737210204,23.59547472000122
74,9.902704238891602,5.829415202140808,0.9962909961239026,0.0004259098292923544,23.610196113586426
75,9.822000503540039,5.802500605583191,1.0064618019235165,0.0004230609021390079,23.105552434921265
76,9.74179458618164,5.798490345478058,1.144513933417315,0.000420268390419183,23.280946731567383
77,9.662582397460938,5.796865224838257,0.9695966014390432,0.0004175304564503538,23.356974840164185
78,9.583230972290039,5.788972795009613,1.209093320298082,0.0004148453452778786,23.1219961643219
79,9.502859115600586,5.777618408203125,1.1666227416988453,0.0004122113799475121,23.23535919189453
80,9.426090240478516,5.761959254741669,1.2523774603995053,0.0004096269571039658,23.076260089874268
81,9.349915504455566,5.756702661514282,1.4745269052413634,0.00040709054288927025,23.15631866455078
82,9.273323059082031,5.7500022649765015,1.4714945486633082,0.00040460066911709894,23.31402063369751
83,9.197409629821777,5.759890615940094,1.4373021428226813,0.00040215592970137845,23.186978578567505
84,9.12559700012207,5.736652255058289,1.44944144274008,0.0003997549773194459,23.12859034538269
85,9.049030303955078,5.753628969192505,1.2518243027853546,0.00039739652029176605,23.06885051727295
86,8.980310440063477,5.7371786236763,1.6399172313725212,0.00039507931966178966,23.37278699874878
87,8.905719757080078,5.735764741897583,1.7714080528151048,0.0003928021864609586,23.072336673736572
88,8.833776473999023,5.744529604911804,1.820032186889645,0.0003905639791451405,23.055564165115356
89,8.765947341918945,5.749418556690216,1.7729048620546521,0.00038836360118993813,23.149229288101196
90,8.693836212158203,5.76054048538208,1.8382585613984903,0.00038619999883336703,23.214486122131348
91,8.625801086425781,5.74627286195755,1.751119014487601,0.00038407215895534417,23.340748071670532
92,8.552536010742188,5.763077676296234,2.205879273070956,0.0003819791070842969,23.21518635749817
93,8.48844051361084,5.721408843994141,2.16062012867651,0.0003799199055219819,22.967991590499878
94,8.423462867736816,5.751473069190979,2.178539948535445,0.0003778936515783179,23.223600387573242
95,8.354574203491211,5.7482351660728455,2.3273539441423607,0.0003758994759086858,23.512776136398315
96,8.289400100708008,5.776331126689911,2.4374806765304826,0.0003739365409467386,23.35149097442627
97,8.225271224975586,5.766975700855255,2.465720951443404,0.0003720040394263052,23.25647282600403
98,8.160778999328613,5.77798867225647,2.5226988436934037,0.0003701011929864635,22.964160203933716
99,8.098664283752441,5.796084702014923,2.7936342296858103,0.00036822725085430683,23.26923704147339
100,8.036398887634277,5.769877552986145,2.8167219226094264,0.0003663814886003432,22.643141269683838
101,7.975573539733887,5.805233478546143,2.8773533357271095,0.00036456320696183866,22.90432047843933
102,7.913331985473633,5.794009447097778,3.000082475137487,0.00036277173072976626,22.729998111724854
103,7.8522772789001465,5.838207542896271,2.9874154195240332,0.00036100640769533537,23.309888124465942
104,7.793946743011475,5.793049454689026,2.8387083495455276,0.00035926660765236973,23.270015478134155
105,7.735173225402832,5.841277241706848,3.3218124840228977,0.00035755172145206715,23.244240283966064
106,7.6783905029296875,5.821091890335083,3.0190520231066924,0.0003558611601069225,23.3716983795166
107,7.617522716522217,5.868358492851257,3.529647875903675,0.00035419435394081964,22.96692728996277
108,7.56131649017334,5.84674346446991,3.1401464430755137,0.0003525507517825066,23.177658081054688
109,7.5044755935668945,5.88930743932724,3.4755169205673635,0.0003509298201998624,22.481208086013794
110,7.450491428375244,5.8529165387153625,2.943741758960086,0.0003493310427725377,22.83019208908081
111,7.397717475891113,5.836304008960724,3.1332801992857178,0.0003477539194007188,22.792227506637573
112,7.341832637786865,5.880850374698639,2.9226433510187917,0.0003461979656479123,23.04573631286621
113,7.28849983215332,5.880006730556488,3.251529871377612,0.0003446627121157899,22.785013914108276
114,7.23518180847168,5.916865527629852,3.210125131869312,0.00034314770384926156,23.496795177459717
115,7.183581352233887,5.932582676410675,3.2907579758445156,0.0003416524997700637,22.650232553482056
116,7.1298041343688965,5.919021010398865,3.2855403885444487,0.000340176672137262,22.767786741256714
117,7.079143524169922,5.902738630771637,2.884419214970962,0.00033871980603316986,23.16702437400818
118,7.028230667114258,5.982170045375824,3.32512404649623,0.00033728149887327986,22.745115280151367
119,6.977977752685547,5.969523787498474,3.5287826743976742,0.0003358613599388934,22.65701174736023
120,6.930274963378906,5.966318428516388,3.4824257602031823,0.0003344590099312164,23.006630420684814
121,6.882501602172852,5.986399531364441,3.2128696977645435,0.0003330740805457666,22.83472466468811
122,6.8336896896362305,6.002504825592041,3.4242690308516868,0.00033170621406600567,21.810691356658936
123,6.784391403198242,5.982163608074188,3.337984379363238,0.00033035506297518144,22.196208477020264
124,6.738828659057617,5.9995139837265015,3.5888987035876014,0.0003290202895854201,22.622246026992798
125,6.692268371582031,6.026259779930115,3.572968944958432,0.0003277015656831727,22.071726322174072
126,6.646031379699707,6.035302817821503,3.6509429954947974,0.0003263985721901683,21.730144500732422
127,6.597765922546387,6.035523474216461,3.4753868958192724,0.0003251109988390802,22.14496660232544
128,6.556814193725586,6.059451401233673,3.711973279286165,0.0003238385438631556,22.774917364120483
129,6.511334419250488,6.075011610984802,3.5529117793080918,0.0003225809136991034,21.82220482826233
130,6.465778350830078,6.065412163734436,3.4367007342564015,0.0003213378227025779,21.964205980300903
131,6.423579216003418,6.092462778091431,3.5672070100573934,0.0003201089928756297,22.284659385681152
132,6.381405353546143,6.098978698253632,3.4321473583704276,0.0003188941536055348,22.320197105407715
133,6.339788913726807,6.115820348262787,3.4182264747761892,0.00031769304141444536,21.45851230621338
134,6.295551776885986,6.134154975414276,3.6709024412632534,0.0003165053997193335,21.69930124282837
135,6.255781173706055,6.178093135356903,4.0657632625313465,0.00031533097860173595,21.548913955688477
136,6.214390277862549,6.125373959541321,3.560964407684158,0.0003141695345868255,21.697978734970093
137,6.17340612411499,6.192856431007385,3.331914980017234,0.00031302083043136935,22.025352716445923
138,6.1334662437438965,6.216092228889465,3.843003001312342,0.00031188463492015417,21.400941133499146
139,6.093302249908447,6.195273160934448,3.3403106470699235,0.0003107607226704796,21.29245376586914
140,6.055931091308594,6.213898777961731,3.6181893801468976,0.00030964887394434754,22.123790740966797
141,6.017227649688721,6.2154757380485535,3.376364611540852,0.00030854887446798995,21.878572463989258
142,5.980451583862305,6.2015281319618225,3.6616155206807615,0.0003074605152583989,21.655750513076782
143,5.940695762634277,6.2335392236709595,3.5944702220978133,0.000306383592456541,22.449748277664185
144,5.905195236206055,6.204008221626282,3.7984309553478908,0.0003053179071669527,22.048277139663696
145,5.8701653480529785,6.272525429725647,3.5576299261353928,0.00030426326530343063,22.52594017982483
146,5.833507537841797,6.308847784996033,3.5980958787018062,0.0003032194774405454,21.947772979736328
147,5.796437740325928,6.257534027099609,3.5687663359105506,0.00030218635867071994,22.33996033668518
148,5.764583587646484,6.278505384922028,3.597349277059955,0.0003011637284666286,21.894965887069702
149,5.729708671569824,6.254879951477051,3.9672385050664856,0.0003001514105486841,21.366573333740234
150,5.695497512817383,6.335026144981384,3.726427441936889,0.0002991492327573909,21.507533073425293
151,5.662726402282715,6.356394350528717,3.7999471488605403,0.00029815702693035645,21.437524795532227
152,5.630612850189209,6.335951089859009,3.7230830322254738,0.00029717462878375974,21.239400386810303
153,5.595147132873535,6.330434620380402,3.633455599960106,0.0002962018777980878,20.936927795410156
154,5.562496662139893,6.363600015640259,3.876498437272634,0.00029523861710795964,22.13010811805725
155,5.5320000648498535,6.342845618724823,3.902698324151853,0.00029428469339586624,21.932898998260498
156,5.501754283905029,6.3940929770469666,3.9983347230227264,0.0002933399567896627,20.639504432678223
157,5.468969345092773,6.384420275688171,3.799222723893634,0.00029240426076365753,21.40130090713501
158,5.438018798828125,6.379128694534302,3.5723783128378126,0.00029147746204315027,21.25272822380066
159,5.412322521209717,6.437991797924042,3.7180876166292443,0.00029055942051227633,21.80853581428528
160,5.379565238952637,6.422040164470673,3.68926168411362,0.0002896499991250253,21.327845335006714
161,5.351436614990234,6.414875626564026,3.492115927079315,0.00028874906381930285,21.124324798583984
162,5.3240580558776855,6.422017872333527,3.8242084210728837,0.00028785648343391607,21.390613794326782
163,5.295246124267578,6.449698567390442,4.072111662952767,0.0002869721296283625,20.748952627182007
164,5.264876842498779,6.455398142337799,3.3894986089120542,0.0002860958768053152,21.230637311935425
165,5.237669467926025,6.455377399921417,3.633934187478272,0.00028522760203569423,21.23862051963806
166,5.210528373718262,6.474106311798096,3.928487627191723,0.0002843671849862252,21.321106433868408
167,5.1827826499938965,6.478300511837006,3.6558360019821,0.0002835145078493866,20.86137318611145
168,5.1586737632751465,6.526580810546875,3.4589709755630342,0.00028266945527565473,21.604687213897705
169,5.129300594329834,6.466723799705505,3.354735177871749,0.0002818319143079563,21.78146481513977
170,5.105648994445801,6.49019718170166,3.6282461236533834,0.0002810017743182452,21.038132667541504
171,5.080893516540527,6.547921597957611,3.5616131184830295,0.000280178926946122,21.07328963279724
172,5.056990146636963,6.573492348194122,3.7463666714113537,0.00027936326603941915,20.64989471435547
173,5.032855987548828,6.541064918041229,3.82192187619962,0.0002785546875966781,21.080096006393433
174,5.009467601776123,6.536863088607788,3.671953924642128,0.0002777530897114465,21.40376329421997
175,4.981915473937988,6.556810736656189,3.4774671475193197,0.0002769583725183298,21.713494777679443
176,4.959773063659668,6.593859136104584,3.623618456364799,0.00027617043814073014,21.10003972053528
177,4.937201499938965,6.565708816051483,3.737161309697589,0.0002753891906402117,20.503572463989258
178,4.913525104522705,6.586430609226227,3.7070680436878347,0.0002746145359674332,21.67237377166748
179,4.892387866973877,6.579397976398468,3.893044547120363,0.00027384638191458986,20.524489879608154
180,4.870818614959717,6.597528636455536,3.712325842573079,0.0002730846380693106,21.46274423599243
181,4.846963882446289,6.63974130153656,3.8438995485914362,0.000272329215769958,21.73789620399475
182,4.825278282165527,6.608733654022217,3.5976793987987254,0.00027158002806228145,21.213948011398315
183,4.803732395172119,6.635398805141449,3.7691166638408093,0.00027083698965737406,20.781911849975586
184,4.78488826751709,6.630850732326508,3.9039251594287596,0.00027010001689088876,20.96217131614685
185,4.7644195556640625,6.657678008079529,3.576056005167453,0.0002693690276834681,20.60400152206421
186,4.743973731994629,6.663128614425659,3.9291963281565456,0.00026864394150234586,19.891855001449585
187,4.722639083862305,6.630835473537445,3.8099020606587524,0.00026792467932407963,21.31909465789795
188,4.704041957855225,6.663415968418121,3.7497701630967164,0.00026721116359837503,20.89037275314331
189,4.685886859893799,6.640544593334198,4.075898340375227,0.000266503318212964,20.63271713256836
190,4.664707660675049,6.68024605512619,3.5955239595420267,0.00026580106845950095,20.929948329925537
191,4.647619724273682,6.703382849693298,3.572965137804611,0.0002651043410004432,21.419190168380737
192,4.62942361831665,6.654248595237732,3.7903143491578573,0.0002644130638368799,20.49608564376831
193,4.612581253051758,6.683901786804199,3.757469610614436,0.0002637271662772803,20.985520839691162
194,4.592747688293457,6.657712280750275,3.931239186774995,0.0002630465789071282,21.449374675750732
195,4.575226306915283,6.710865616798401,3.5513493880975027,0.0002623712335594147,20.56800603866577
196,4.557242393493652,6.709111988544464,3.7545416834122487,0.0002617010632859594,20.6726131439209
197,4.5418596267700195,6.735396325588226,3.6726309874832,0.000261036002329534,20.55111575126648
198,4.524571895599365,6.712642073631287,3.7395222807584645,0.0002603759860967603,20.898420095443726
199,4.507460117340088,6.732466518878937,3.6368377564789203,0.0002597209511317592,21.082513570785522
200,4.489589214324951,6.74025285243988,3.8750632373834306,0.0002590708350905244,20.535184621810913
201,4.475889205932617,6.686878859996796,3.9655083920346184,0.0002584255767159991,20.60352849960327
202,4.461177825927734,6.701340019702911,3.9607636942249553,0.0002577851158138309,21.198652505874634
203,4.442691802978516,6.76427948474884,3.9293708518057193,0.0002571493932287858,21.335208892822266
204,4.4302568435668945,6.713336884975433,3.8150749909279,0.00025651835082179795,20.43408226966858
205,4.413881778717041,6.733505606651306,3.787141397768895,0.00025589193144763604,20.70927333831787
206,4.400704383850098,6.763948321342468,3.657186399307647,0.00025527007893316706,20.455256938934326
207,4.384219646453857,6.687329292297363,3.534353610151783,0.00025465273805619793,21.110417127609253
208,4.369321823120117,6.753338515758514,3.685883504454893,0.0002540398545248774,20.681692600250244
209,4.353962421417236,6.717370450496674,3.682455694379906,0.00025343137495764076,20.7580783367157
210,4.341087341308594,6.706415295600891,3.6535378481421614,0.0002528272468636802,21.126232862472534
211,4.328256607055664,6.78754848241806,3.698518198750156,0.00025222741862392523,20.543724536895752
212,4.313843727111816,6.76680052280426,3.8916609907645183,0.0002516318394725166,20.862030506134033
213,4.301817893981934,6.746306538581848,3.6932554220497966,0.0002510404594787597,21.122231483459473
214,4.2878217697143555,6.696236550807953,4.023223380308381,0.0002504532295295417,20.343704223632812
215,4.275395393371582,6.742373168468475,3.7286148366874263,0.00024987010131219986,21.197263479232788
216,4.261579513549805,6.744063854217529,3.584780180642327,0.0002492910272978257,20.4040367603302
217,4.248103141784668,6.749013602733612,3.686649909805915,0.0002487159607249933,21.289163827896118
218,4.2368083000183105,6.761955142021179,3.736800611520397,0.00024814485558389854,20.066206455230713
219,4.225191116333008,6.78666216135025,3.4811216922325046,0.00024757766660089706,21.1289005279541
220,4.213676929473877,6.749570667743683,3.6274194389125434,0.0002470143492234293,20.699748516082764
221,4.2024688720703125,6.815432548522949,3.5509768663569075,0.00024645485960532096,20.80388617515564
222,4.189808368682861,6.7575008273124695,3.804150345555846,0.0002458991545924484,20.390543699264526
223,4.176706314086914,6.788913667201996,3.8252140913631325,0.00024534719170875736,20.81473135948181
224,4.166286945343018,6.758855640888214,3.6938777559999463,0.0002447989291426262,20.928099870681763
225,4.157136917114258,6.753607630729675,3.6156207411892445,0.00024425432573356215,20.958634614944458
226,4.144866943359375,6.810647189617157,3.9247485974958702,0.00024371334095922188,20.9156231880188
227,4.133880615234375,6.7967663407325745,3.820097037394673,0.00024317593492274717,20.229949951171875
228,4.124018669128418,6.792395710945129,3.949714632907694,0.00024264206834040603,20.46641516685486
229,4.112666606903076,6.806943714618683,3.611395840417174,0.00024211170252953123,20.480233430862427
230,4.103255271911621,6.823919415473938,3.665115785278972,0.00024158479939674743,20.697349786758423
231,4.090146064758301,6.736648142337799,3.984623186355741,0.0002410613214264791,20.44026803970337
232,4.083028793334961,6.802885115146637,3.7007279628300958,0.00024054123166973086,20.40122890472412
233,4.071490287780762,6.864419519901276,3.810486745298251,0.00024002449373313335,20.816543579101562
234,4.063045978546143,6.848803281784058,3.763471189399724,0.0002395110717682465,20.662973642349243
235,4.053513050079346,6.779581785202026,3.9263358999100118,0.0002390009304611136,20.857714891433716
236,4.044405937194824,6.799252927303314,3.8562380995300427,0.00023849403502205908,21.08393955230713
237,4.034808158874512,6.810125410556793,3.813766252979051,0.00023799035117572323,20.51546621322632
238,4.024029731750488,6.803550541400909,3.502858175941998,0.00023748984515132733,20.309580326080322
239,4.014171600341797,6.798884570598602,4.1162967847297045,0.00023699248367316347,21.16984534263611
240,4.005941390991211,6.781693756580353,3.859610347006465,0.00023649823395130196,20.363372802734375
241,3.9971084594726562,6.785564422607422,4.052665721701111,0.00023600706367251154,20.51028323173523
242,3.989989757537842,6.8062074184417725,4.104554155117363,0.00023551894099138588,20.40792441368103
243,3.9786911010742188,6.781893491744995,3.8433179463171645,0.00023503383452167106,20.288718223571777
244,3.9733831882476807,6.760997951030731,3.9250154499071708,0.0002345517133277892,21.051296949386597
245,3.9628818035125732,6.801137983798981,3.7928218006544947,0.00023407254691655191,20.65864324569702
246,3.954263687133789,6.795516848564148,3.7067297696382226,0.00023359630522905975,20.260217428207397
247,3.9494729042053223,6.827438294887543,4.046106575914452,0.00023312295863278198,20.107646226882935
248,3.939540386199951,6.849609553813934,3.8721262391150275,0.00023265247791381217,20.7791109085083
249,3.931684732437134,6.827116370201111,3.722234091259864,0.00023218483426929506,20.605958223342896
250,3.924408197402954,6.830918848514557,4.103037069455445,0.00023171999930002022,20.41982388496399
251,3.9152517318725586,6.788239061832428,3.99093619127871,0.0002312579450031782,19.98303532600403
252,3.9085514545440674,6.815570652484894,3.7385494540151587,0.00023079864376527486,21.113137006759644
253,3.9018328189849854,6.763282060623169,3.7636206934618843,0.0002303420683551998,20.709880590438843
254,3.8927764892578125,6.835582971572876,3.905768170805796,0.00022988819191744543,20.778305768966675
255,3.886673927307129,6.807629466056824,3.7942750830004,0.00022943698796547168,20.498521327972412
256,3.8801143169403076,6.786848545074463,3.6030276022508936,0.0002289884303752145,20.606962203979492
257,3.8711376190185547,6.79877370595932,3.8006734447755006,0.00022854249337873222,20.694422245025635
258,3.864412784576416,6.816921651363373,3.8610907123699674,0.00022809915155798846,20.41711926460266
259,3.8598151206970215,6.816328823566437,4.2591464656833615,0.0002276583798387666,20.407812118530273
260,3.8510289192199707,6.82064425945282,4.090558091619273,0.00022722015348471337,21.09079098701477
261,3.843039035797119,6.843846619129181,4.0167437804873485,0.00022678444809150802,20.794524908065796
262,3.837476968765259,6.848584175109863,3.7182156737892638,0.00022635123958115398,20.152236461639404
263,3.830664873123169,6.804593443870544,3.919832586940281,0.0002259205041963901,20.256752252578735
264,3.824957847595215,6.78598290681839,4.108722324203429,0.00022549221849521822,20.825160264968872
265,3.818742275238037,6.858898103237152,4.152536388422507,0.00022506635934554478,20.345398902893066
266,3.8127799034118652,6.788532316684723,3.665722323016486,0.00022464290391993296,20.621538877487183
267,3.8060131072998047,6.8331164717674255,4.140378339283904,0.00022422182969046326,20.296920776367188
268,3.799281597137451,6.784733533859253,4.405227952866623,0.00022380311442369953,20.303226470947266
269,3.793854236602783,6.8192572593688965,3.856956718570417,0.00022338673617575814,20.2225558757782
270,3.787747383117676,6.807828366756439,3.846704822758713,0.0002229726732874776,20.26253080368042
271,3.781965494155884,6.831997871398926,3.9774503988987866,0.00022256090437968625,20.074547052383423
272,3.7745165824890137,6.783649563789368,4.037740356840953,0.00022215140834856587,20.54647421836853
273,3.7712883949279785,6.802962958812714,4.322464155130223,0.0002217441643611087,20.64096760749817
274,3.7629764080047607,6.844220459461212,4.152336189236689,0.00022133915185066573,21.09630298614502
275,3.757277011871338,6.810963153839111,4.286100222406235,0.0002209363505125841,20.367791652679443
276,3.752830743789673,6.785680830478668,4.336154467216807,0.0002205357402999317,19.969396352767944
277,3.747307300567627,6.846273601055145,4.101278759940421,0.0002201373014193063,20.270143032073975
278,3.7429065704345703,6.79441499710083,3.810437611147303,0.0002197410143267282,20.1688814163208
279,3.736326217651367,6.773365318775177,4.0650415497,0.0002193468597236134,20.229423761367798
280,3.730574607849121,6.759760737419128,4.185702970089604,0.0002189548185528266,21.17431092262268
281,3.727060317993164,6.804979026317596,3.8617855020229452,0.0002185648719948107,20.076672315597534
282,3.720335006713867,6.830948233604431,3.710837905242156,0.00021817700146379247,20.358740091323853
283,3.7156717777252197,6.810394465923309,3.8319805264615843,0.000217791188604062,20.254807472229004
284,3.711350917816162,6.795387148857117,4.036295419135191,0.00021740741528632383,20.531413078308105
285,3.7050135135650635,6.834264576435089,4.1576967890887975,0.00021702566360411898,20.11992049217224
286,3.7002992630004883,6.796606421470642,3.7532850710687926,0.0002166459158703157,20.58451795578003
287,3.6962602138519287,6.801470160484314,4.315726084548192,0.00021626815461366747,20.137343168258667
288,3.6918530464172363,6.80486524105072,4.125070469165083,0.000215892362575437,20.255744218826294
289,3.6849589347839355,6.8081435561180115,3.786008868966381,0.00021551852270608425,20.879283905029297
290,3.6801462173461914,6.795454144477844,4.032969017778083,0.00021514661816201739,20.304089069366455
291,3.675381660461426,6.832601010799408,3.7570588094638904,0.0002147766323024055,20.708150625228882
292,3.6727218627929688,6.828178226947784,3.707900444833745,0.00021440854868605102,20.497413158416748
293,3.6665947437286377,6.827786862850189,3.4836059174053293,0.0002140423510683211,20.2746798992157
294,3.6621367931365967,6.795595705509186,3.9429531279778627,0.00021367802339813634,20.129711627960205
295,3.6581931114196777,6.805741965770721,4.003722622643031,0.00021331554981501586,20.945871591567993
296,3.65378475189209,6.791925489902496,3.9852380951576722,0.0002129549146461772,20.26083731651306
297,3.6507186889648438,6.7879433035850525,4.280745868887171,0.00021259610240368992,20.321216106414795
298,3.6455984115600586,6.812090337276459,4.045672055318261,0.00021223909778168197,20.663286924362183
299,3.6406898498535156,6.786073207855225,4.025807366700249,0.0002118838856535973,20.202362537384033
300,3.6368460655212402,6.796648740768433,4.011154853978013,0.00021153045106950396,20.323421001434326
301,3.6330525875091553,6.784262716770172,4.238159543598129,0.00021117877925345123,20.243821144104004
302,3.6283462047576904,6.818955421447754,4.070060273435217,0.00021082885560087512,20.122151136398315
303,3.6233654022216797,6.773793995380402,3.8357605817913374,0.00021048066567605083,20.100505828857422
304,3.621518611907959,6.806305468082428,4.054590974958939,0.0002101341952095915,20.380289554595947
305,3.615065813064575,6.78438127040863,3.7415746015394613,0.00020978943009599202,20.11355757713318
306,3.61167573928833,6.777068614959717,3.9147212384742684,0.00020944635639121698,20.907558917999268
307,3.607639789581299,6.816380858421326,3.7644087945573834,0.0002091049603103319,20.107040643692017
308,3.6049163341522217,6.798501431941986,4.226589196018549,0.0002087652282251769,20.230735540390015
309,3.6012580394744873,6.8127171993255615,3.832320935168164,0.00020842714666208164,20.31212854385376
310,3.597698450088501,6.816761493682861,3.772921650637724,0.000208090702299621,20.476699352264404
311,3.592769145965576,6.794166386127472,4.151591571522962,0.0002077558819664102,21.19719696044922
312,3.590224504470825,6.766453683376312,4.047169256323638,0.0002074226726389393,20.18264651298523
313,3.585710048675537,6.813570022583008,4.197097889468822,0.0002070910614394453,19.970113039016724
314,3.5822255611419678,6.807778775691986,4.124989385630605,0.00020676103563382176,20.252026557922363
315,3.5774617195129395,6.760202527046204,4.121406508785498,0.00020643258262956505,20.123209714889526
316,3.574247360229492,6.774413168430328,4.133835160555559,0.00020610568997375605,19.95068645477295
317,3.571723461151123,6.78598564863205,3.9807613477440063,0.00020578034535107732,19.987233877182007
318,3.56742787361145,6.787629008293152,4.213929948801587,0.00020545653658186422,19.78222393989563
319,3.564574956893921,6.794273793697357,4.339141396486094,0.00020513425162018987,20.12746787071228
320,3.5619587898254395,6.809264302253723,3.910532329377383,0.0002048134785519829,20.065051555633545
321,3.5569581985473633,6.773041009902954,4.280527665907654,0.0002044942055931778,20.348496198654175
322,3.553675651550293,6.7675323486328125,4.022110500092305,0.00020417642108789627,19.855968952178955
323,3.550795555114746,6.77440470457077,4.024312340145618,0.0002038601135066603,19.90075373649597
324,3.5477652549743652,6.806243300437927,4.1860321990413984,0.00020354527144463512,19.999499082565308
325,3.54483699798584,6.812167525291443,4.101312217518136,0.00020323188361990194,20.19898009300232
326,3.53999924659729,6.809911131858826,4.135667721959413,0.00020291993887176007,20.032450199127197
327,3.5368213653564453,6.781681001186371,4.192727251376931,0.0002026094261590575,20.558491468429565
328,3.534849166870117,6.807264149188995,4.267071134084591,0.00020230033455854947,20.35613441467285
329,3.530324935913086,6.826041102409363,4.106822695207983,0.00020199265326328446,20.109777212142944
330,3.528289556503296,6.776795387268066,4.16884195828948,0.0002016863715810173,20.07089853286743
331,3.524440288543701,6.773275554180145,4.393736163432694,0.00020138147893264844,20.361732244491577
332,3.5218544006347656,6.799711644649506,4.22676010952016,0.00020107796485068923,20.26508927345276
333,3.518766164779663,6.76165646314621,4.3522489660514045,0.0002007758189777524,20.543960094451904
334,3.515159845352173,6.809386730194092,4.032199538972947,0.0002004750310650679,19.89514946937561
335,3.5124008655548096,6.7903770208358765,4.390867137833927,0.00020017559097102234,20.173197031021118
336,3.5093119144439697,6.775756120681763,4.3455970211944805,0.00019987748865972295,20.40655517578125
337,3.5067927837371826,6.799727380275726,4.089797493750083,0.00019958071419958506,20.032860279083252
338,3.503588914871216,6.772012293338776,3.8755289637682093,0.0001992852577619419,20.24683666229248
339,3.5002388954162598,6.79177325963974,4.041464491717078,0.0001989911096196778,20.038909912109375
340,3.4987406730651855,6.809993147850037,4.074368271538518,0.00019869826014588303,20.33121967315674
341,3.4946513175964355,6.781067788600922,4.0056382981190595,0.00019840669981253036,20.133355617523193
342,3.491896152496338,6.77366042137146,4.230237853222053,0.00019811641918917317,20.003178596496582
343,3.489114284515381,6.815459191799164,4.158246258792432,0.00019782740894166414,19.7575421333313
344,3.4864583015441895,6.796530365943909,4.244163701559117,0.00019753965983089483,20.109161615371704
345,3.48419189453125,6.808172881603241,4.132890205795922,0.00019725316271155486,20.35487651824951
346,3.482163906097412,6.761563420295715,4.183445922562313,0.00019696790853091132,20.447858333587646
347,3.478522539138794,6.787622272968292,4.243785489039386,0.00019668388832760726,20.069273233413696
348,3.476057767868042,6.796211242675781,3.961547072132209,0.0001964010932304793,20.16312336921692
349,3.4734795093536377,6.784207820892334,4.360983834125776,0.00019611951445739367,20.449281215667725
350,3.4711265563964844,6.796880066394806,4.1343865133796065,0.000195839143314101,20.636707544326782
351,3.4677774906158447,6.7753936648368835,4.187703739613362,0.00019555997119310845,20.12529420852661
352,3.4652156829833984,6.78752738237381,4.336501937444216,0.00019528198957257024,20.33255648612976
353,3.462038516998291,6.769062757492065,4.271199634421311,0.00019500519001519463,20.020649909973145
354,3.4602088928222656,6.822065591812134,4.159189575079241,0.00019472956416716861,19.91407299041748
355,3.457517385482788,6.782395839691162,4.100331863221191,0.0001944551037570988,20.092474937438965
356,3.453672409057617,6.769709944725037,4.0513082193854375,0.00019418180059496907,20.201571702957153
357,3.452702522277832,6.759018421173096,4.0591462701304915,0.00019390964657111387,20.04552435874939
358,3.4498977661132812,6.804262936115265,3.8580472874574596,0.00019363863365520761,20.32676863670349
359,3.447251796722412,6.763959646224976,3.994512025307558,0.0001933687538952695,20.507904291152954
360,3.4455771446228027,6.772639572620392,4.158855301042947,0.00019309999941668351,19.92613124847412
361,3.443166971206665,6.806197643280029,4.146908271976544,0.00019283236242123328,20.406689167022705
362,3.4394073486328125,6.811495780944824,3.852544487222412,0.00019256583518615177,19.919015407562256
363,3.437802791595459,6.768888413906097,4.060237608651679,0.0001923004100631854,20.234452486038208
364,3.4357080459594727,6.7809231877326965,4.3702530427093835,0.00019203607947767209,20.320310592651367
365,3.4335150718688965,6.805285215377808,3.7329288866094723,0.0001917728359276333,20.37446689605713
366,3.430342674255371,6.806072890758514,3.9901837327590606,0.00019151067198288003,20.174256563186646
367,3.4288625717163086,6.762552380561829,3.9449567643605685,0.00019124958028413167,20.45075750350952
368,3.4265129566192627,6.759969770908356,3.9639578056794393,0.00019098955354214845,19.96385908126831
369,3.4237618446350098,6.7750972509384155,3.834399777323449,0.00019073058453687679,20.026753902435303
370,3.421607494354248,6.805476546287537,3.8551338944330036,0.0001904726661166071,20.533125162124634
371,3.418903112411499,6.809789478778839,3.948036535456122,0.0001902157911971444,20.150866746902466
372,3.4168150424957275,6.783568322658539,4.127902274241293,0.00018995995276099094,20.388516664505005
373,3.414292097091675,6.7888223528862,4.197060629347364,0.00018970514385654107,20.37170910835266
374,3.4135823249816895,6.78692901134491,4.1075490907329995,0.00018945135759728792,19.998255014419556
375,3.4106087684631348,6.754503548145294,4.140313867887063,0.00018919858716104156,20.20251488685608
376,3.408512830734253,6.79502934217453,4.068597457012524,0.00018894682578915895,20.44720149040222
377,3.4071171283721924,6.779129207134247,4.1120148809232155,0.0001886960667857847,20.148205041885376
378,3.4047117233276367,6.782942414283752,4.143003552342076,0.00018844630351710315,20.315314292907715
379,3.402285575866699,6.764720976352692,4.056263340688882,0.00018819752941060146,20.2968430519104
380,3.40014386177063,6.736963391304016,4.121143473862032,0.0001879497379543429,20.38901710510254
381,3.3978357315063477,6.744937479496002,3.8929251316810847,0.00018770292269625107,20.22977113723755
382,3.395657777786255,6.76129949092865,4.4533491224189135,0.00018745707724340428,20.062913417816162
383,3.3940272331237793,6.765224874019623,4.000849016897089,0.00018721219526133997,19.947608709335327
384,3.3920161724090576,6.780982434749603,4.255282390339914,0.0001869682704733693,19.952695846557617
385,3.389655590057373,6.763333439826965,4.223345481947692,0.00018672529665990134,20.128190279006958
386,3.3877458572387695,6.7558682560920715,4.161921998213358,0.00018648326765777708,20.053125858306885
387,3.386279821395874,6.7476537227630615,4.359792817666848,0.00018624217735961276,20.340811014175415
388,3.3844752311706543,6.7740232944488525,4.234698534758943,0.0001860020197131526,21.036861419677734
389,3.3819475173950195,6.7658960819244385,3.9979742995677956,0.00018576278872063065,20.673292875289917
390,3.3810458183288574,6.733256042003632,4.158889903730508,0.0001855244784381416,20.08537769317627
391,3.3775930404663086,6.762976050376892,3.8962122204558542,0.00018528708297502062,20.510425329208374
392,3.376758337020874,6.77839320898056,4.028182161008972,0.00018505059649323176,20.040064573287964
393,3.3756375312805176,6.748504638671875,4.25178654801777,0.0001848150132067648,20.434990406036377
394,3.3713531494140625,6.754914581775665,4.211334936396407,0.0001845803273810409,20.836098432540894
395,3.370365619659424,6.784283518791199,4.036937487760146,0.00018434653333232614,20.36843729019165
396,3.369999647140503,6.752127051353455,4.1220904242968075,0.00018411362542715342,20.461669206619263
397,3.3673720359802246,6.776168406009674,4.2634028644273485,0.0001838815980817523,19.770034551620483
398,3.364818572998047,6.772462368011475,4.370304538556712,0.00018365044576148685,20.37666392326355
399,3.363600969314575,6.753242909908295,3.9916322366894867,0.00018342016298030094,19.84342312812805
400,3.362363338470459,6.789987683296204,3.9352691572612115,0.0001831907443001716,20.32044768333435
401,3.360475778579712,6.792693912982941,4.013593014168762,0.0001829621843305696,20.321898698806763
402,3.3582940101623535,6.752209424972534,4.333290550180248,0.00018273447772792733,20.182432413101196
403,3.35541033744812,6.76272451877594,3.9441019863930404,0.00018250761919511428,20.297552585601807
404,3.3545455932617188,6.780161380767822,4.542896568921046,0.00018228160348091933,20.19775915145874
405,3.352374315261841,6.773154258728027,4.061389096565038,0.0001820564253795404,20.149260997772217
406,3.3514766693115234,6.8121178150177,4.051453204834208,0.00018183207973008052,20.021199941635132
407,3.34837007522583,6.761456310749054,4.413106279062515,0.0001816085614160514,20.294582843780518
408,3.3464159965515137,6.77865594625473,4.012406032568962,0.00018138586536488313,20.390568494796753
409,3.34586501121521,6.778046488761902,4.155128464424409,0.00018116398654744058,20.371752500534058
410,3.3442978858947754,6.7463032603263855,4.051169693568915,0.0001809429199775466,19.76660442352295
411,3.341919183731079,6.7686877846717834,4.228751566291053,0.00018072266071151132,20.362067461013794
412,3.3406026363372803,6.765275061130524,4.330230019277958,0.00018050320384766768,20.520153522491455
413,3.338287353515625,6.775477111339569,3.885931268504032,0.0001802845445259135,20.131404161453247
414,3.337163209915161,6.760125815868378,4.3560552407838,0.00018006667792725916,20.25555443763733
415,3.3360676765441895,6.77152955532074,4.050829711439094,0.00017984959927338178,20.009585857391357
416,3.334871530532837,6.749520301818848,4.349740125201752,0.00017963330382618487,20.120739936828613
417,3.3330330848693848,6.75224894285202,3.924872737151533,0.00017941778688736402,20.147008419036865
418,3.331125497817993,6.757967710494995,4.28083913161843,0.00017920304379797836,20.081968545913696
419,3.3294074535369873,6.7653374671936035,4.039483901115006,0.00017898906993802738,20.23187017440796
420,3.3275954723358154,6.770806789398193,4.072325487356197,0.00017877586072603357,19.528043031692505
421,3.326396942138672,6.788673639297485,4.008994480236873,0.00017856341161863037,20.53239417076111
422,3.324763298034668,6.761008322238922,3.8589908980118164,0.00017835171811015564,20.13078784942627
423,3.3228647708892822,6.78768926858902,4.093264089870251,0.00017814077573225003,21.019211292266846
424,3.321758270263672,6.7634090185165405,3.884354218421193,0.00017793058005346126,19.867055892944336
425,3.3200345039367676,6.779754221439362,4.349733659587467,0.00017772112667885267,20.077547311782837
426,3.318732261657715,6.778847575187683,3.953408774434632,0.00017751241124961767,19.9594144821167
427,3.316701889038086,6.79137647151947,3.948206769161192,0.00017730442944269834,20.279596090316772
428,3.316288709640503,6.772293448448181,3.5794691289081064,0.00017709717697040982,19.908954858779907
429,3.3132472038269043,6.746403992176056,4.165631640623975,0.00017689064958006855,20.80636501312256
430,3.3119726181030273,6.752987563610077,4.004000132747191,0.0001766848430536262,19.780131816864014
431,3.3112454414367676,6.770096182823181,4.241180825002611,0.00017647975320730748,20.150290489196777
432,3.3098912239074707,6.787542998790741,4.107192957573761,0.0001762753758912533,20.175792455673218
433,3.3076019287109375,6.7674673199653625,4.206218915516053,0.00017607170698916765,19.92018985748291
434,3.30692982673645,6.758064925670624,4.070818823192431,0.0001758687424179698,20.14805769920349
435,3.3049442768096924,6.764645576477051,4.280791055703218,0.0001756664781274502,19.98530101776123
436,3.3030786514282227,6.758647382259369,3.9415360684073018,0.0001754649100999312,20.017178773880005
437,3.3020567893981934,6.754887104034424,4.130276865018494,0.00017526403434993176,20.260356426239014
438,3.3014135360717773,6.7371127009391785,4.242685091431566,0.00017506384692383652,20.046066522598267
439,3.300114631652832,6.770508766174316,3.8395078133939875,0.00017486434389956906,19.792882442474365
440,3.2978994846343994,6.739931583404541,4.213914109593416,0.00017466552138626886,20.265214204788208
441,3.2971863746643066,6.773218393325806,4.098941561611637,0.00017446737552397296,20.32614755630493
442,3.2950387001037598,6.75178462266922,4.158610705553828,0.000174269902483301,20.199276208877563
443,3.2939746379852295,6.754860877990723,4.181477400846544,0.0001740730984651444,20.399112939834595
444,3.2928414344787598,6.753141403198242,4.181191119051988,0.0001738769597003594,19.880796909332275
445,3.291261672973633,6.764955639839172,4.192902836350876,0.000173681482449464,20.509782552719116
446,3.290109634399414,6.7542319893836975,4.179989622853221,0.0001734866630023382,20.39657235145569
447,3.288632392883301,6.743117094039917,4.095429129913213,0.00017329249767792862,20.068772792816162
448,3.2869691848754883,6.7503886222839355,4.154648320894152,0.00017309898282395615,20.12941813468933
449,3.285645008087158,6.766463100910187,4.177298985493213,0.00017290611481662733,20.197382926940918
450,3.284642457962036,6.759449601173401,4.2890426249127405,0.00017271389006034963,20.358409881591797
451,3.2828078269958496,6.776081800460815,4.160863132988175,0.0001725223049874496,20.167595863342285
452,3.2824718952178955,6.766675531864166,4.286128240149943,0.00017233135605789496,20.11485505104065
453,3.280623435974121,6.772468626499176,3.603531916787114,0.00017214103975901978,20.125959157943726
454,3.2798871994018555,6.754206657409668,3.8435138722127578,0.00017195135260525312,19.801143884658813
455,3.278799057006836,6.75367546081543,4.000620776927523,0.0001717622911378508,20.54212737083435
456,3.276670455932617,6.742533445358276,4.069569946662696,0.00017157385192463078,21.08651638031006
457,3.2762131690979004,6.768578767776489,4.217152018194872,0.00017138603155971116,19.927335500717163
458,3.2735342979431152,6.766902327537537,4.1992345005809275,0.00017119882666325172,19.902554750442505
459,3.273623466491699,6.7569586634635925,4.039345137687196,0.00017101223388119865,20.12975835800171
460,3.271711587905884,6.788126051425934,3.888500380857317,0.00017082624988503186,20.150941848754883
461,3.2702765464782715,6.760972619056702,3.7968842958984577,0.00017064087137151594,19.994685649871826
462,3.269733428955078,6.765059411525726,3.9316788810631915,0.00017045609506245333,20.330796718597412
463,3.268167734146118,6.755381464958191,3.9106169189529614,0.00017027191770444133,20.48805809020996
464,3.2666800022125244,6.752117276191711,3.919376010684445,0.000170088336068631,20.468605279922485
465,3.26587176322937,6.759187996387482,3.95815587204079,0.00016990534695048986,20.303373336791992
466,3.264425277709961,6.737505912780762,4.059874287571304,0.00016972294716956657,20.08795738220215
467,3.263563871383667,6.7465280294418335,4.135349647425988,0.00016954113356925906,20.298216819763184
468,3.2625503540039062,6.734029471874237,4.35639391593018,0.00016935990301658493,19.9937584400177
469,3.2611610889434814,6.749419629573822,3.7368278434028674,0.00016917925240195474,20.195924282073975
470,3.2604339122772217,6.738715887069702,3.906894598507262,0.00016899917863894793,20.303172826766968
471,3.2580432891845703,6.738994598388672,4.2552778743287965,0.0001688196786640912,20.04805564880371
472,3.2573962211608887,6.727858543395996,4.267333810600103,0.00016864074943663993,19.87900137901306
473,3.256743907928467,6.7202078104019165,4.092183604178308,0.0001684623879383615,20.15541124343872
474,3.2547123432159424,6.755728185176849,4.123836682280501,0.0001682845911733217,20.045562267303467
475,3.2536516189575195,6.738165080547333,4.099397929143094,0.0001681073561676732,20.455732822418213
476,3.252730131149292,6.721706509590149,4.166243017393754,0.0001679306799694467,20.362820625305176
477,3.2515413761138916,6.7453338503837585,4.075781625421854,0.0001677545596483444,20.089333295822144
478,3.251068353652954,6.750700235366821,4.060578860500872,0.00016757899229553604,20.095134496688843
479,3.2490739822387695,6.748171389102936,4.174956455297179,0.00016740397502345683,20.247496843338013
480,3.247825860977173,6.762896358966827,3.852805005761139,0.0001672295049656082,19.798551321029663
481,3.2464468479156494,6.747231423854828,4.031692405501288,0.00016705557927636051,20.106456756591797
482,3.2457058429718018,6.743688523769379,4.2213142483938615,0.0001668821951307582,20.215007066726685
483,3.245229721069336,6.763590335845947,4.075651731307152,0.00016670934972432696,20.042643785476685
484,3.243600368499756,6.769314885139465,4.008782825230028,0.0001665370402728833,19.582485675811768
485,3.243130683898926,6.744418382644653,3.9087837074334617,0.00016636526401234608,20.206082820892334
486,3.2426576614379883,6.7732110023498535,4.013402301886234,0.00016619401819855048,20.04990863800049
487,3.2408127784729004,6.77079164981842,4.102841931826872,0.0001660233001070637,20.11129379272461
488,3.2398018836975098,6.7506367564201355,4.014505146974771,0.00016585310703300283,20.252143144607544
489,3.238403797149658,6.762301921844482,4.258943942069963,0.00016568343629085524,20.46046280860901
490,3.237563133239746,6.750243067741394,4.012903791508039,0.00016551428521430016,20.190890550613403
491,3.2367606163024902,6.747328579425812,4.083165802934217,0.00016534565115603286,20.30299997329712
492,3.2356786727905273,6.739146053791046,4.132679629936102,0.00016517753148759072,19.863200664520264
493,3.2342782020568848,6.7407360672950745,4.075778697701989,0.0001650099235991811,20.34795331954956
494,3.233522415161133,6.735474348068237,4.4431880326857165,0.00016484282489951117,20.21373462677002
495,3.232161045074463,6.753370940685272,4.313716774461828,0.00016467623281561953,20.020235061645508
496,3.230764865875244,6.747560739517212,4.1481551561543615,0.00016451014479271006,20.206470727920532
497,3.2302544116973877,6.726499021053314,4.257588617246001,0.00016434455829398718,19.917547464370728
498,3.2295913696289062,6.755050718784332,3.741305941159284,0.0001641794708004932,20.22899866104126
499,3.226886749267578,6.716883361339569,4.112416746728191,0.00016401487981094727,19.812294960021973
500,3.226262331008911,6.738357245922089,4.17220789233817,0.00016385078284158634,19.89029598236084
